x,y,heading,velocity,time
0,0.0,27.64,3.2,0.0
6,3.7389262614623657,22.96,3.3,1.8
12,5.9552825814757675,9.19,3.4,3.6
18,5.455282581475768,-9.19,3.2,5.4
24,3.1389262614623665,-22.96,3.0,7.2
30,-0.49999999999999717,-27.64,2.9,9.0
36,-3.938926261462365,-22.96,2.8,10.8
42,-5.355282581475767,-9.19,3.0,12.6
48,-4.555282581475768,9.19,3.2,14.4
54,-2.038926261462367,22.96,3.1,16.2
60,-5.665538897647979e-15,27.64,2.8,18.0
